<?xml version="1.0" encoding="UTF-8"?>
<beans xmlns="http://www.springframework.org/schema/beans"
	xmlns:xsi="http://www.w3.org/2001/XMLSchema-instance"
	xmlns:context="http://www.springframework.org/schema/context"
	xmlns:mybatis-spring="http://mybatis.org/schema/mybatis-spring"
	xmlns:aop="http://www.springframework.org/schema/aop"
	xmlns:tx="http://www.springframework.org/schema/tx"
	xsi:schemaLocation="http://mybatis.org/schema/mybatis-spring http://mybatis.org/schema/mybatis-spring-1.2.xsd
		http://www.springframework.org/schema/beans https://www.springframework.org/schema/beans/spring-beans.xsd
		http://www.springframework.org/schema/context http://www.springframework.org/schema/context/spring-context-4.3.xsd
		http://www.springframework.org/schema/aop http://www.springframework.org/schema/aop/spring-aop-4.3.xsd
		http://www.springframework.org/schema/tx http://www.springframework.org/schema/tx/spring-tx-4.3.xsd">
	
	<!-- Root Context: defines shared resources visible to all other web components -->
	<context:property-placeholder location="classpath:database/jdbc.properties" />
	

	<bean id="dataSource" class="org.apache.commons.dbcp.BasicDataSource">
		<property name="driverClassName" value="${jdbc.driverClassName}" />
		<property name="url" value="${jdbc.url}" />
		<property name="username" value="${jdbc.username}" />
		<property name="password" value="${jdbc.password}" />
	</bean>
		
		
	<bean id="sqlSessionFactory" class="org.mybatis.spring.SqlSessionFactoryBean">
		<property name="dataSource" ref="dataSource" />
		<!-- xml파일 경로를 직접 잡아야 하기때문에 /로 구분합니다. -->
		<property name="mapperLocations" 
		value="classpath:com/spring/myapp/**/*.xml"/> 
	</bean>

		
	<!-- mybatis 구현 xml파일을 스캔할 수 있도록 경로 지정 -->
	<!-- 마이바티스 스캔, 컴포넌트 스캔은 패키지로 사용하기 때문에 .으로 구분합니다. -->
	<mybatis-spring:scan base-package="com.spring.myapp.member.dao"/>
	<context:component-scan base-package="com.spring.myapp.member" />
	
	<!-- 위는 member를 다루기 위해 필요한 로직, 아래는 board를 다루기 위한 로직 -->
	<mybatis-spring:scan base-package="com.spring.myapp.board.dao"/>
	<context:component-scan base-package="com.spring.myapp.board" />
	
	<!-- AOP 관련 설정 -->
	<aop:aspectj-autoproxy/>
	<context:component-scan base-package="com.spring.myapp.aop"/>
	
	<!-- Tx 관련 설정 -->
	<bean id="txManager" class="org.springframework.jdbc.datasource.DataSourceTransactionManager">
		<property name="dataSource" ref="dataSource"/>
	</bean>
	
	<!-- 어떤 종류의 메서드가 TX의 타겟이 될 수 있는지 (joinpoint) 정의 
	<tx:advice id="txAdvice" transaction-manager="txManager">
		<tx:attributes> -->
			<!-- tx:method에는 name속성을 이용해 메서드 이름을 정할 수 있다. 
			가령 get* 이라고 하면 get으로 시작하는 모든 메서드이다.
			read-only 속성에 true값을 주면 이 메서드는 트랜잭션 타겟에서 제외한다. 
			<tx:method name="get*" read-only="true"/>
			-->
			<!-- name속성이 *이면 모든 메서드를 지칭한다. 
			지금같은 경우는 위쪽 메서드와 중첩되어 조건이 들어가 get으로 시작하지 않는 모든 메서드가 트랜잭션의 타겟이 된다.
			<tx:method name="*"/>
		</tx:attributes>
	</tx:advice>  -->
	<!-- joinpoint 중 실제로 트랜잭션을 적용할 pointcut에 대한 설정
	<aop:config>
		<aop:pointcut expression="execution(* com.spring.myapp..*.*(..))" id="txPointcut"/>
		<aop:advisor advice-ref="txAdvice" pointcut-ref="txPointcut"/>
	</aop:config>
	 -->
	<!-- tx테스트시 마이바티스 활용을 위한 컴포넌트 스캔 -->
	<mybatis-spring:scan base-package="com.spring.myapp.tx.dao"/>
	<context:component-scan base-package="com.spring.myapp.tx" />
	
	<!-- 어노테이션을 활용한 트랜잭션을 위한 사전설정 -->
	<tx:annotation-driven transaction-manager="txManager"/>
</beans>



